project_no,type_of_project,atoll,atoll_code,site_label,lessee_holder,status,source_page,is_continuation,join_candidates,coordinates,coordinate_count,source,source_file
1,Resort Development,Haa Alifu,HA,Berinmadhoo,Mr. Franchin Guiseppe,Under development,1,False,Berinmadhoo,[],0,Ministry of Tourism under development PDF,new_dev_List_07_April_2025.pdf
2,Resort Development,Haa Alifu,HA,Velifinolhu,Pearl Sands of Maldives Private Limited,Under development,1,False,Velifinolhu,[],0,Ministry of Tourism under development PDF,new_dev_List_07_April_2025.pdf
3,Resort Hotel,Haa Alifu,HA,Plot of Land & Allocated Lagoon Area,Fedo Private Limited,Under development,1,False,,[],0,Ministry of Tourism under development PDF,new_dev_List_07_April_2025.pdf
4,Resort Development,Haa Alifu,HA,Medhafushi,Samana IFN Holding Limited,Under development,1,False,Medhafushi,[],0,Ministry of Tourism under development PDF,new_dev_List_07_April_2025.pdf
5,Resort Development,Haa Alifu,HA,Alidhuffarufinolhu,MMEPL-MMIPL Infrastructure Private Limited,Under development,1,False,Alidhuffarufinolhu,[],0,Ministry of Tourism under development PDF,new_dev_List_07_April_2025.pdf
6,"Trainning Facility
Development",Haa Dhaalu,HDh,"Nolhivaranfaru Training Resort and Training
Facility",Nalaveli Maldives Pvt Ltd,Under development,1,False,Nolhivaranfaru,[],0,Ministry of Tourism under development PDF,new_dev_List_07_April_2025.pdf
7,Resort Development,Haa Dhaalu,HDh,Naagoashi,MTDC,Under development,1,False,Naagoashi,[],0,Ministry of Tourism under development PDF,new_dev_List_07_April_2025.pdf
8,Resort Development,Haa Dhaalu,HDh,Vaikuramuraidhoo,Glamour Investments Ltd,Under development,1,False,Vaikuramuraidhoo,[],0,Ministry of Tourism under development PDF,new_dev_List_07_April_2025.pdf
9,Resort Development,Shaviyani,Sh,Hurasfaru,Hurasfaru Holdings Private Limited,Under development,1,False,Hurasfaru,[],0,Ministry of Tourism under development PDF,new_dev_List_07_April_2025.pdf
10,Resort Development,Shaviyani,Sh,Naainfaru,Naainfaru Holdings Private Limited,Under development,1,False,Naainfaru,[],0,Ministry of Tourism under development PDF,new_dev_List_07_April_2025.pdf
11,Resort Development,Shaviyani,Sh,Dholhiyadhoo,Mohamed Latheef,Under development,1,False,Dholhiyadhoo,[],0,Ministry of Tourism under development PDF,new_dev_List_07_April_2025.pdf
12,Resort Development,Shaviyani,Sh,Kanbaalifaru,Kanbaalifaru Development Private Limited,Under development,1,False,Kanbaalifaru,[],0,Ministry of Tourism under development PDF,new_dev_List_07_April_2025.pdf
13,Resort Development,Noonu,N,Huivani,"RHD Maldives Pvt Ltd,",Under development,1,False,Huivani,[],0,Ministry of Tourism under development PDF,new_dev_List_07_April_2025.pdf
14,Resort Development,Noonu,N,Huvandhumaavattaru,Noonu Hotels and Resorts Development Pvt Ltd,Under development,1,False,Huvandhumaavattaru,[],0,Ministry of Tourism under development PDF,new_dev_List_07_April_2025.pdf
15,Resort Development,Noonu,N,Maavelaavaru,Athama Investments Pvt Ltd,Under development,1,False,Maavelaavaru,[],0,Ministry of Tourism under development PDF,new_dev_List_07_April_2025.pdf
16,Resort Development,Noonu,N,Loafaru,Amala Maldives Private Limited,Under development,1,False,Loafaru,[],0,Ministry of Tourism under development PDF,new_dev_List_07_April_2025.pdf
17,Resort Development,Noonu,N,Raafushi,Leisure Sands Private Limited,Under development,1,False,Raafushi,[],0,Ministry of Tourism under development PDF,new_dev_List_07_April_2025.pdf
18,Resort Development,Noonu,N,Karinmavattaru,Portiaco SPV RSC Ltd.,Under development,1,False,Karinmavattaru,[],0,Ministry of Tourism under development PDF,new_dev_List_07_April_2025.pdf
19,Resort Development,Noonu,N,Kunnamalei,VANOA investments limited,Under development,2,False,Kunnamalei,[],0,Ministry of Tourism under development PDF,new_dev_List_07_April_2025.pdf
20,Resort Development,Noonu,N,Kendhivaru,Vita Heights Company Limited,Under development,2,False,Kendhivaru,[],0,Ministry of Tourism under development PDF,new_dev_List_07_April_2025.pdf
21,Resort Development,Noonu,N,Ehdhuffarumairah,"Green Tree Property Management Co., LLC",Under development,2,False,Ehdhuffarumairah,[],0,Ministry of Tourism under development PDF,new_dev_List_07_April_2025.pdf
22,Resort Development,Noonu,N,Bandaidhidhdhoo,Indus Ressorts Private Limited,Under development,2,False,Bandaidhidhdhoo,[],0,Ministry of Tourism under development PDF,new_dev_List_07_April_2025.pdf
23,Resort Development,Noonu,N,Dhigufaru Lagoon and Dhekenanfaru,Crystal Holdings Pvt Limited,Under development,2,False,Dhigufaru|Dhekenanfaru,[],0,Ministry of Tourism under development PDF,new_dev_List_07_April_2025.pdf
24,Resort Development,Noonu,N,Maakurehdhoo,I & T Management Private Limited,Under development,2,False,Maakurehdhoo,[],0,Ministry of Tourism under development PDF,new_dev_List_07_April_2025.pdf
25,Resort Development,Noonu,N,Minaavaru,Arc 360 Investments Pvt Ltd,Under development,2,False,Minaavaru,[],0,Ministry of Tourism under development PDF,new_dev_List_07_April_2025.pdf
26,Resort Development,Raa,R,Fuggiri,Aria Hotel Partners Pvt Ltd,Under development,2,False,Fuggiri,[],0,Ministry of Tourism under development PDF,new_dev_List_07_April_2025.pdf
27,Resort Development,Raa,R,Kan'doogan'du,K & V Holdings Pvt Ltd.,Under development,2,False,Kan'doogan'du,[],0,Ministry of Tourism under development PDF,new_dev_List_07_April_2025.pdf
28,Resort Development,Raa,R,Lundhufushi,Silver Tides Pvt Ltd,Under development,2,False,Lundhufushi,[],0,Ministry of Tourism under development PDF,new_dev_List_07_April_2025.pdf
29,Resort Development,Raa,R,Bodufarufinolhu,Browns Raa Resort Pvt Ltd,Under development,2,False,Bodufarufinolhu,[],0,Ministry of Tourism under development PDF,new_dev_List_07_April_2025.pdf
30,Resort Development,Raa,R,Maanenfushi,Maanenfushi Pvt Ltd,Under development,2,False,Maanenfushi,[],0,Ministry of Tourism under development PDF,new_dev_List_07_April_2025.pdf
31,Resort Development,Raa,R,Gemana,Amir Mansoor,Under development,2,False,Gemana,[],0,Ministry of Tourism under development PDF,new_dev_List_07_April_2025.pdf
32,Resort Development,Raa,R,Fenfushi,Grand Leisure Ventures Private Limited,Under development,2,False,Fenfushi,[],0,Ministry of Tourism under development PDF,new_dev_List_07_April_2025.pdf
33,Resort Development,Raa,R,Kukulhudhuffaru,Naid Investments Pvt Ltd,Under development,2,False,Kukulhudhuffaru,[],0,Ministry of Tourism under development PDF,new_dev_List_07_April_2025.pdf
34,Resort Development,Raa,R,Dhoragali,Ali Zahir,Under development,2,False,Dhoragali,[],0,Ministry of Tourism under development PDF,new_dev_List_07_April_2025.pdf
35,Resort Development,Raa,R,"5°25’54.164”N, 72°52’36.846”E
(Maafaru Falhu)",Premier Equity Pvt. Ltd.,Under development,2,False,Maafaru Falhu,"[{""lat"": 5.431712222222223, ""lon"": 72.87690166666665, ""raw"": ""5\u00b025'54.164\""N 72\u00b052'36.846\""E""}]",1,Ministry of Tourism under development PDF,new_dev_List_07_April_2025.pdf
36,Resort Development,Raa,R,Dhikkurehdheoo,Lycan Pvt Ltd,Under development,2,False,Dhikkurehdheoo,[],0,Ministry of Tourism under development PDF,new_dev_List_07_April_2025.pdf
37,Resort Development,Baa,B,Dhandhoo,Dhandhoo Holdings Pvt Ltd,Under development,2,False,Dhandhoo,[],0,Ministry of Tourism under development PDF,new_dev_List_07_April_2025.pdf
38,Resort Development,Baa,B,Dhigudhefaru,JD Dhigufaru Private Limited,Under development,2,False,Dhigudhefaru,[],0,Ministry of Tourism under development PDF,new_dev_List_07_April_2025.pdf
39,Resort Development,Baa,B,Muthaafushi,Muthaafushi Orient Investments Limited,Under development,2,False,Muthaafushi,[],0,Ministry of Tourism under development PDF,new_dev_List_07_April_2025.pdf
40,Resort Development,Baa,B,Funadhoo,Ifuru Investment Pvt Ltd,Under development,2,False,Funadhoo,[],0,Ministry of Tourism under development PDF,new_dev_List_07_April_2025.pdf
41,Resort Development,Baa,B,Maamaduvvari,Coastline Investment Pvt Ltd,Under development,2,False,Maamaduvvari,[],0,Ministry of Tourism under development PDF,new_dev_List_07_April_2025.pdf
42,Resort Development,Baa,B,Bodufinolhu,Seal Maldives Private Limited,Under development,3,False,Bodufinolhu,[],0,Ministry of Tourism under development PDF,new_dev_List_07_April_2025.pdf
43,Resort Development,Baa,B,Hibalhidhoo,Yura Private Limited,Under development,3,False,Hibalhidhoo,[],0,Ministry of Tourism under development PDF,new_dev_List_07_April_2025.pdf
44,Resort Development,Baa,B,Hulhudhoo,Millennium Capital Management Pvt Ltd,Under development,3,False,Hulhudhoo,[],0,Ministry of Tourism under development PDF,new_dev_List_07_April_2025.pdf
45,Resort Development,Baa,B,Plot of lagoon from Goidhoo Faru,Leo Trading Pvt Ltd,Under development,3,False,from Goidhoo Faru,[],0,Ministry of Tourism under development PDF,new_dev_List_07_April_2025.pdf
46,Resort Development,Lhaviyani,Lh,Veyvah,R.S.Q private limited.,Under development,3,False,Veyvah,[],0,Ministry of Tourism under development PDF,new_dev_List_07_April_2025.pdf
47,Resort Development,Lhaviyani,Lh,Hudhufushi,Legal Heirs of Late Abdul Rauf,Under development,3,False,Hudhufushi,[],0,Ministry of Tourism under development PDF,new_dev_List_07_April_2025.pdf
48,Resort Development,Lhaviyani,Lh,Lhossalafushi,Apex Realty Private Limited,Under development,3,False,Lhossalafushi,[],0,Ministry of Tourism under development PDF,new_dev_List_07_April_2025.pdf
49,Resort Development,Lhaviyani,Lh,Vihafarufinolhu,SJ Trade Private Limited,Under development,3,False,Vihafarufinolhu,[],0,Ministry of Tourism under development PDF,new_dev_List_07_April_2025.pdf
50,Resort Development,Kaafu,K,"4°17'45.64""N 73°28'40.90""E",Legal Heirs of Late Abdul Rauf,Under development,3,False,,"[{""lat"": 4.296011111111111, ""lon"": 73.47802777777778, ""raw"": ""4\u00b017'45.64\""N 73\u00b028'40.90\""E""}]",1,Ministry of Tourism under development PDF,new_dev_List_07_April_2025.pdf
51,Resort Development,Kaafu,K,"3 53'24.68""N 73 21'36.74""E",VKL & AL Namal Group Pvt Ltd,Under development,3,False,,"[{""lat"": 3.890188888888889, ""lon"": 73.36020555555555, ""raw"": ""3 53'24.68\""N 73 21'36.74\""E""}]",1,Ministry of Tourism under development PDF,new_dev_List_07_April_2025.pdf
52,Resort Development,Kaafu,K,"4°0'24.28""N 73°25'20.14""E",Monterock Investments Nedhafushi Maldives Pvt Ltd,Under development,3,False,,"[{""lat"": 4.006744444444444, ""lon"": 73.42226111111111, ""raw"": ""4\u00b00'24.28\""N 73\u00b025'20.14\""E""}]",1,Ministry of Tourism under development PDF,new_dev_List_07_April_2025.pdf
53,Resort Development,Kaafu,K,"Plot of Lagoon
4°27'27.58""N 73°23'18.81""E",MRAC Private Limited,Under development,3,False,,"[{""lat"": 4.457661111111111, ""lon"": 73.38855833333334, ""raw"": ""4\u00b027'27.58\""N 73\u00b023'18.81\""E""}]",1,Ministry of Tourism under development PDF,new_dev_List_07_April_2025.pdf
54,Resort Development,Kaafu,K,Vaagali,Vaagali Investments pvt ltd,Under development,3,False,Vaagali,[],0,Ministry of Tourism under development PDF,new_dev_List_07_April_2025.pdf
55,Resort Development,Kaafu,K,Kohdhipparu Lagoon,Dhidhoofinolhu Holdings Pvt Ltd,Under development,3,False,Kohdhipparu,[],0,Ministry of Tourism under development PDF,new_dev_List_07_April_2025.pdf
56,Resort Development,Kaafu,K,Kohdhipparu Finolhu,Amingiri Investment pvt ltd,Under development,3,False,Kohdhipparu Finolhu,[],0,Ministry of Tourism under development PDF,new_dev_List_07_April_2025.pdf
57,Resort Development,Kaafu,K,Embudu Lagoon,Dream Islands Development Pvt Ltd,Under development,3,False,Embudu,[],0,Ministry of Tourism under development PDF,new_dev_List_07_April_2025.pdf
58,Resort Development,Kaafu,K,"Dholla faru
Plot of Lagoon
4°34'2.13""N 73°36'29.49""E",Villa Holidays Private Limited,Under development,3,False,Dholla faru,"[{""lat"": 4.567258333333333, ""lon"": 73.60819166666666, ""raw"": ""4\u00b034'2.13\""N 73\u00b036'29.49\""E""}]",1,Ministry of Tourism under development PDF,new_dev_List_07_April_2025.pdf
59,Integrated Tourist Resort,Kaafu,K,"Lagoon 19
4°16'36.46""N 73°27'35.98""E",Maarah Pvt Ltd,Under development,3,False,,"[{""lat"": 4.276794444444445, ""lon"": 73.45999444444445, ""raw"": ""4\u00b016'36.46\""N 73\u00b027'35.98\""E""}]",1,Ministry of Tourism under development PDF,new_dev_List_07_April_2025.pdf
60,Resort Development,Kaafu,K,"Lagoon 2
4°36'58.36""N / 73°30'38.96""E",Dutch Docklands Maldives Pvt Ltd,Under development,3,False,,"[{""lat"": 4.61621111111111, ""lon"": 73.51082222222222, ""raw"": ""4\u00b036'58.36\""N 73\u00b030'38.96\""E""}]",1,Ministry of Tourism under development PDF,new_dev_List_07_April_2025.pdf
61,Resort Development,Kaafu,K,"Lagoon 9
4°15'6.27""N, 73°26'30.91""E",Dutch Docklands Maldives Private Limited,Under development,3,False,,"[{""lat"": 4.251741666666667, ""lon"": 73.44191944444445, ""raw"": ""4\u00b015'6.27\""N 73\u00b026'30.91\""E""}]",1,Ministry of Tourism under development PDF,new_dev_List_07_April_2025.pdf
62,Resort Development,Kaafu,K,"Tholhimaraahuraa Lagoon 3°50'25.20""N,
73°22'36.33""E",Prime Atoll Maldives Pvt Ltd,Under development,3,False,Tholhimaraahuraa,"[{""lat"": 3.8403333333333336, ""lon"": 73.37675833333333, ""raw"": ""3\u00b050'25.20\""N 73\u00b022'36.33\""E""}]",1,Ministry of Tourism under development PDF,new_dev_List_07_April_2025.pdf
63,Resort Development,Kaafu,K,"Lagoon (Bolidhuhfaru)
4°05’12.6”N 73°23’18.4”E,",Vita Heights Company Limited,Under development,3,False,Bolidhuhfaru,"[{""lat"": 4.086833333333333, ""lon"": 73.38844444444445, ""raw"": ""4\u00b005'12.6\""N 73\u00b023'18.4\""E""}]",1,Ministry of Tourism under development PDF,new_dev_List_07_April_2025.pdf
64,Resort Development,Kaafu,K,"Lagoon (Vaaredhoo Faru)
4°02’09.9”N 73°22’19.5”E",The Palace LXR Hotels & Resorts WLL,Under development,4,False,Vaaredhoo Faru,"[{""lat"": 4.036083333333333, ""lon"": 73.37208333333332, ""raw"": ""4\u00b002'09.9\""N 73\u00b022'19.5\""E""}]",1,Ministry of Tourism under development PDF,new_dev_List_07_April_2025.pdf
65,Resort Development,Kaafu,K,"Lagoon (Maadhihgaru Falhu)
3°59’01.1”N 73°21’37.6”E",Vita Heights Company Limited,Under development,4,False,Maadhihgaru Falhu,"[{""lat"": 3.9836388888888887, ""lon"": 73.36044444444444, ""raw"": ""3\u00b059'01.1\""N 73\u00b021'37.6\""E""}]",1,Ministry of Tourism under development PDF,new_dev_List_07_April_2025.pdf
66,Resort Development,Kaafu,K,"Plot of Lagoon (Emerald Lagoon)
3°49'30.32""N, 73°26'19.37""E",Emerald Resort Private Limited,Under development,4,False,Emerald,"[{""lat"": 3.8250888888888888, ""lon"": 73.4387138888889, ""raw"": ""3\u00b049'30.32\""N 73\u00b026'19.37\""E""}]",1,Ministry of Tourism under development PDF,new_dev_List_07_April_2025.pdf
67,Resort Development,Kaafu,K,"Lagoon (Maniyafaru)
4°03’25.1”N 73°23’16.2”E",Ebony Private Limited,Under development,4,False,Maniyafaru,"[{""lat"": 4.056972222222222, ""lon"": 73.38783333333333, ""raw"": ""4\u00b003'25.1\""N 73\u00b023'16.2\""E""}]",1,Ministry of Tourism under development PDF,new_dev_List_07_April_2025.pdf
68,Resort Development,Kaafu,K,"Dhonfushi - 4 36'32""N, 73 24'28""E",Radhun Resorts and Investmetns Pvt Ltd,Under development,4,False,Dhonfushi,"[{""lat"": 4.608888888888888, ""lon"": 73.40777777777778, ""raw"": ""4 36'32\""N 73 24'28\""E""}]",1,Ministry of Tourism under development PDF,new_dev_List_07_April_2025.pdf
68,Resort Development,Kaafu,K,"Kanbaashaa - 4 37'18""N, 73 23'42""E",Radhun Resorts and Investmetns Pvt Ltd,Under development,4,True,Kanbaashaa,"[{""lat"": 4.621666666666667, ""lon"": 73.39500000000001, ""raw"": ""4 37'18\""N 73 23'42\""E""}]",1,Ministry of Tourism under development PDF,new_dev_List_07_April_2025.pdf
68,Resort Development,Kaafu,K,"Nashvilu - 4 37'29""N. 73 24'23""E",Radhun Resorts and Investmetns Pvt Ltd,Under development,4,True,Nashvilu - .,"[{""lat"": 4.624722222222223, ""lon"": 73.4063888888889, ""raw"": ""4 37'29\""N 73 24'23\""E""}]",1,Ministry of Tourism under development PDF,new_dev_List_07_April_2025.pdf
68,Resort Development,Kaafu,K,"Hastheem - 4 37'23""N, 73 24'41""E",Radhun Resorts and Investmetns Pvt Ltd,Under development,4,True,Hastheem,"[{""lat"": 4.623055555555556, ""lon"": 73.4113888888889, ""raw"": ""4 37'23\""N 73 24'41\""E""}]",1,Ministry of Tourism under development PDF,new_dev_List_07_April_2025.pdf
69,Resort Development,Kaafu,K,"Dhiffushifaru
4°24'11.41""N, 73°41'16.85""E",Marina Development Pvt Ltd,Under development,4,False,Dhiffushifaru,"[{""lat"": 4.403169444444445, ""lon"": 73.68801388888889, ""raw"": ""4\u00b024'11.41\""N 73\u00b041'16.85\""E""}]",1,Ministry of Tourism under development PDF,new_dev_List_07_April_2025.pdf
70,Resort Development,Kaafu,K,"Plot of Lagoon
3°55'33.81"" N 73°21'18.50""E",Royal Resorts WLL,Under development,4,False,,"[{""lat"": 3.926058333333333, ""lon"": 73.35513888888889, ""raw"": ""3\u00b055'33.81\"" N 73\u00b021'18.50\""E""}]",1,Ministry of Tourism under development PDF,new_dev_List_07_April_2025.pdf
71,Resort Development,Kaafu,K,"Plot of Lagoon
3°53’34.89”N, 73°24’27.66”E",Moonlight Holdings Pvt Ltd,Under development,4,False,,"[{""lat"": 3.893025, ""lon"": 73.40768333333334, ""raw"": ""3\u00b053'34.89\""N 73\u00b024'27.66\""E""}]",1,Ministry of Tourism under development PDF,new_dev_List_07_April_2025.pdf
72,Resort Development,Kaafu,K,"Plot of Lagoon (Dhonmaaga)
3°57'54.9972""N 73°26'47.8507""E",Sea House Resorts Pvt Ltd,Under development,4,False,Dhonmaaga,"[{""lat"": 3.9652770000000004, ""lon"": 73.44662519444445, ""raw"": ""3\u00b057'54.9972\""N 73\u00b026'47.8507\""E""}]",1,Ministry of Tourism under development PDF,new_dev_List_07_April_2025.pdf
73,Resort Development,Kaafu,K,"Plot of Lagoon
4°40’49.9”N, 73°31’34.2”E",Lightblue Maldives Private Limited,Under development,4,False,,"[{""lat"": 4.680527777777778, ""lon"": 73.52616666666667, ""raw"": ""4\u00b040'49.9\""N 73\u00b031'34.2\""E""}]",1,Ministry of Tourism under development PDF,new_dev_List_07_April_2025.pdf
74,Resort Development,Kaafu,K,"Plot of lagoon: Embudhu Finolhu
4°5'23.36""N, 73°31'23.00""E",Bayswater Maldives Private Limited,Under development,4,False,Embudhu Finolhu,"[{""lat"": 4.089822222222222, ""lon"": 73.52305555555556, ""raw"": ""4\u00b05'23.36\""N 73\u00b031'23.00\""E""}]",1,Ministry of Tourism under development PDF,new_dev_List_07_April_2025.pdf
75,Resort Development,Kaafu,K,"Plot of Lagoon
4°15'58.82""N 73°25'18.90""E",Coral Tree Pvt Ltd,Under development,4,False,,"[{""lat"": 4.266338888888889, ""lon"": 73.42191666666668, ""raw"": ""4\u00b015'58.82\""N 73\u00b025'18.90\""E""}]",1,Ministry of Tourism under development PDF,new_dev_List_07_April_2025.pdf
76,Resort Development,Kaafu,K,"Plot of Lagoon 4°16'40.06"" N 73°21'7.27""E",Gulf Craft Service Centre Maldives Pvt Ltd,Under development,4,False,,"[{""lat"": 4.277794444444444, ""lon"": 73.35201944444444, ""raw"": ""4\u00b016'40.06\"" N 73\u00b021'7.27\""E""}]",1,Ministry of Tourism under development PDF,new_dev_List_07_April_2025.pdf
77,Resort Development,Kaafu,K,"Plot of Lagoon
4°30'56.11""N 73°38'22.41""E",Mazzo Pvt Ltd,Under development,4,False,,"[{""lat"": 4.515586111111111, ""lon"": 73.63955833333334, ""raw"": ""4\u00b030'56.11\""N 73\u00b038'22.41\""E""}]",1,Ministry of Tourism under development PDF,new_dev_List_07_April_2025.pdf
78,Resort Development,Kaafu,K,"Plot of Lagoon 4°31'9.68""N
73°39'9.44""E",Middle Lagoon Pvt Ltd,Under development,4,False,,"[{""lat"": 4.519355555555555, ""lon"": 73.65262222222223, ""raw"": ""4\u00b031'9.68\""N 73\u00b039'9.44\""E""}]",1,Ministry of Tourism under development PDF,new_dev_List_07_April_2025.pdf
79,Resort Development,Kaafu,K,"Plot of Lagoons
4°40’28.8”N, 73°32’02.2”E
4°40’18.4”N, 73°32’24.6”E",Bodufaru Beach Resort Pvt Ltd,Under development,4,False,,"[{""lat"": 4.674666666666667, ""lon"": 73.53394444444444, ""raw"": ""4\u00b040'28.8\""N 73\u00b032'02.2\""E""}, {""lat"": 4.671777777777778, ""lon"": 73.54016666666666, ""raw"": ""4\u00b040'18.4\""N 73\u00b032'24.6\""E""}]",2,Ministry of Tourism under development PDF,new_dev_List_07_April_2025.pdf
80,Resort Development,Kaafu,K,"4°17'19""N, 73°24'11""E",Samarafushi Pvt Ltd,Under development,4,False,,"[{""lat"": 4.288611111111111, ""lon"": 73.40305555555557, ""raw"": ""4\u00b017'19\""N 73\u00b024'11\""E""}]",1,Ministry of Tourism under development PDF,new_dev_List_07_April_2025.pdf
81,Resort Development,Kaafu,K,Nakacha Huraa,Nakacha Huraa Developments Pvt Ltd,Under development,4,False,Nakacha Huraa,[],0,Ministry of Tourism under development PDF,new_dev_List_07_April_2025.pdf
82,Resort Development,Kaafu,K,"Plot of Lagoon 3°54'43""N,
73°24'03""E",Dream Ocean Holidays Private Limited,Under development,4,False,,"[{""lat"": 3.9119444444444444, ""lon"": 73.40083333333334, ""raw"": ""3\u00b054'43\""N 73\u00b024'03\""E""}]",1,Ministry of Tourism under development PDF,new_dev_List_07_April_2025.pdf
83,Resort Development,Kaafu,K,"Plot of Lagoon
4°19'32.54""N, 73°23'59.64""E",Darglobal Development Maldives Private Limited,Under development,5,False,,"[{""lat"": 4.3257055555555555, ""lon"": 73.3999, ""raw"": ""4\u00b019'32.54\""N 73\u00b023'59.64\""E""}]",1,Ministry of Tourism under development PDF,new_dev_List_07_April_2025.pdf
84,Resort Development,Kaafu,K,"Plot of Lagoon
4°01'33.2""N, 73°25'30.3""E",D'Mal Island Private Limited,Under development,5,False,,"[{""lat"": 4.025888888888889, ""lon"": 73.42508333333333, ""raw"": ""4\u00b001'33.2\""N 73\u00b025'30.3\""E""}]",1,Ministry of Tourism under development PDF,new_dev_List_07_April_2025.pdf
85,Resort Development,Kaafu,K,"Plot of Lagoon
4°38'48""N, 73°33'09""E",Everest Maldives Private Limited,Under development,5,False,,"[{""lat"": 4.6466666666666665, ""lon"": 73.5525, ""raw"": ""4\u00b038'48\""N 73\u00b033'09\""E""}]",1,Ministry of Tourism under development PDF,new_dev_List_07_April_2025.pdf
86,Resort Development,Kaafu,K,"Plot of Lagoon
3°55'42.23""N, 73°27'28.02""E",Coolshades Investment Private Limited,Under development,5,False,,"[{""lat"": 3.928397222222222, ""lon"": 73.45778333333334, ""raw"": ""3\u00b055'42.23\""N 73\u00b027'28.02\""E""}]",1,Ministry of Tourism under development PDF,new_dev_List_07_April_2025.pdf
87,Resort Development,Kaafu,K,"Plot of Lagoon (Dhiya Adi Faru)
4°32'6.907""N, 73°37'59.193""E",Premier Equity Pvt. Ltd,Under development,5,False,Dhiya Adi Faru,"[{""lat"": 4.535251944444444, ""lon"": 73.63310916666666, ""raw"": ""4\u00b032'6.907\""N 73\u00b037'59.193\""E""}]",1,Ministry of Tourism under development PDF,new_dev_List_07_April_2025.pdf
88,Resort Development,Kaafu,K,Velassaru Faru,Millenium Capital Management PVT LTD,Under development,5,False,Velassaru Faru,[],0,Ministry of Tourism under development PDF,new_dev_List_07_April_2025.pdf
89,Resort Development,Kaafu,K,"4°2’32.263”N, 73°25’10.367"" E",Samana Ocean Investment Private Limited,Under development,5,False,,"[{""lat"": 4.042295277777778, ""lon"": 73.41954638888889, ""raw"": ""4\u00b02'32.263\""N 73\u00b025'10.367\"" E""}]",1,Ministry of Tourism under development PDF,new_dev_List_07_April_2025.pdf
90,Resort Development,Kaafu,K,"4.3717, 73.34417, 4.36537, 73.34709,
4.36648, 73.35554",Alibey Maldives Private Limited,Under development,5,False,,"[{""lat"": 4.3717, ""lon"": 73.34417, ""raw"": ""4.3717, 73.34417""}, {""lat"": 4.36537, ""lon"": 73.34709, ""raw"": ""4.36537, 73.34709""}, {""lat"": 4.36648, ""lon"": 73.35554, ""raw"": ""4.36648, 73.35554""}]",3,Ministry of Tourism under development PDF,new_dev_List_07_April_2025.pdf
91,Resort Development,Kaafu,K,"4°4’27.763”N, 73°24’46.269"" E",Maadhoala Private Limited,Under development,5,False,,"[{""lat"": 4.07437861111111, ""lon"": 73.4128525, ""raw"": ""4\u00b04'27.763\""N 73\u00b024'46.269\"" E""}]",1,Ministry of Tourism under development PDF,new_dev_List_07_April_2025.pdf
92,Resort Development,Kaafu,K,"Gaafaru Falhu (4°46’54 N, 73 25' 29"" E and
4°43’34”N,73°23’18 ""E)",Maldives Fund Management Corporation Limited,Under development,5,False,Gaafaru Falhu (,"[{""lat"": 4.781666666666666, ""lon"": 73.42472222222223, ""raw"": ""4\u00b046'54 N 73 25' 29\"" E""}, {""lat"": 4.726111111111111, ""lon"": 73.38833333333334, ""raw"": ""4\u00b043'34\""N 73\u00b023'18 \""E""}]",2,Ministry of Tourism under development PDF,new_dev_List_07_April_2025.pdf
93,Resort Development,Kaafu,K,"4°22’59.665”N, 73°23’28.883"" E",Keiretsu Private Limited,Under development,5,False,,"[{""lat"": 4.3832402777777775, ""lon"": 73.3913563888889, ""raw"": ""4\u00b022'59.665\""N 73\u00b023'28.883\"" E""}]",1,Ministry of Tourism under development PDF,new_dev_List_07_April_2025.pdf
94,Resort Development,Kaafu,K,Emboodhoo (Island 1),Dream Islands Development Pvt Ltd,Under development,5,False,Emboodhoo,[],0,Ministry of Tourism under development PDF,new_dev_List_07_April_2025.pdf
95,Resort Development,Kaafu,K,"3°55’21.076”N, 73°26’31.761",Arena Private Limited,Under development,5,False,°26'31.761,[],0,Ministry of Tourism under development PDF,new_dev_List_07_April_2025.pdf
96,Resort Development,Kaafu,K,Fusfaru,Fusfaru Maldives Private Limited,Under development,5,False,Fusfaru,[],0,Ministry of Tourism under development PDF,new_dev_List_07_April_2025.pdf
97,Resort Development,Kaafu,K,"Erruhhuraa, Olhigan'dufinolhu and small
island with the feature code LD1727",OGN Private Limited,Under development,5,False,Erruhhuraa|Olhigan'dufinolhu|small with the feature code LD1727,[],0,Ministry of Tourism under development PDF,new_dev_List_07_April_2025.pdf
98,Resort Development,Kaafu,K,"Plot of Lagoon 4°17’45.500”N, 73°26’44.553""
E",Luxuria Dubai Private Limited,Under development,5,False,,"[{""lat"": 4.295972222222222, ""lon"": 73.44570916666667, ""raw"": ""4\u00b017'45.500\""N 73\u00b026'44.553\""\nE""}]",1,Ministry of Tourism under development PDF,new_dev_List_07_April_2025.pdf
99,Resort Development,Alifu Alifu,AA,Maagaa,Abdulla Jabir,Under development,5,False,Maagaa,[],0,Ministry of Tourism under development PDF,new_dev_List_07_April_2025.pdf
100,Resort Development,Alifu Alifu,AA,Madoogali,Noovilu Resort Pvt Ltd,Under development,5,False,Madoogali,[],0,Ministry of Tourism under development PDF,new_dev_List_07_April_2025.pdf
101,Resort Development,Alifu Alifu,AA,"Plot of Lagoon
3°56'55.08""N, 72°56'44.1""E",Legal Heirs of Late Abdul Rauf,Under development,5,False,,"[{""lat"": 3.9486333333333334, ""lon"": 72.94558333333333, ""raw"": ""3\u00b056'55.08\""N 72\u00b056'44.1\""E""}]",1,Ministry of Tourism under development PDF,new_dev_List_07_April_2025.pdf
102,Resort Development,Alifu Alifu,AA,Medhafushi,Samana IFN Holding Limited,Under development,5,False,Medhafushi,[],0,Ministry of Tourism under development PDF,new_dev_List_07_April_2025.pdf
103,Resort Development,Alifu Alifu,AA,"Plot of Lagoon 4°5′31.29""N, 72°54′19.76""E
(Bodugaafalhu)",Big Fish Maldives Pvt Ltd,Under development,5,False,Bodugaafalhu,"[{""lat"": 4.092025, ""lon"": 72.9054888888889, ""raw"": ""4\u00b05'31.29\""N 72\u00b054'19.76\""E""}]",1,Ministry of Tourism under development PDF,new_dev_List_07_April_2025.pdf
104,Resort Development,Alifu Dhaalu,ADh,Innafushi,Seagull Group Private Limited,Under development,5,False,Innafushi,[],0,Ministry of Tourism under development PDF,new_dev_List_07_April_2025.pdf
105,Resort Development,Alifu Dhaalu,ADh,"Plot of Lagoon: Hithifalhu
1 - 3°40'7.65"" N 72°58'19.00""E &
2 - 3°39'45.78"" N 72°57'9.98""E",Villa Air Private Limited,Under development,5,False,Hithifalhu 1,"[{""lat"": 3.6687916666666665, ""lon"": 72.97194444444445, ""raw"": ""3\u00b040'7.65\"" N 72\u00b058'19.00\""E""}, {""lat"": 3.6627166666666664, ""lon"": 72.95277222222222, ""raw"": ""3\u00b039'45.78\"" N 72\u00b057'9.98\""E""}]",2,Ministry of Tourism under development PDF,new_dev_List_07_April_2025.pdf
106,Resort Development,Alifu Dhaalu,ADh,"Plot of lagoon: Bodufinolhu Lagoon
3°30'42.95"" N 72°43'45.58""E",Villa Shipping & Trading Company Private Limited,Under development,6,False,Bodufinolhu,"[{""lat"": 3.5119305555555558, ""lon"": 72.72932777777778, ""raw"": ""3\u00b030'42.95\"" N 72\u00b043'45.58\""E""}]",1,Ministry of Tourism under development PDF,new_dev_List_07_April_2025.pdf
107,Resort Development,Alifu Dhaalu,ADh,Heenfaru,"Nuemark Pvt Ltd,",Under development,6,False,Heenfaru,[],0,Ministry of Tourism under development PDF,new_dev_List_07_April_2025.pdf
108,Resort Development,Alifu Dhaalu,ADh,Fushidhigga,Maldiviana Group Private Limited,Under development,6,False,Fushidhigga,[],0,Ministry of Tourism under development PDF,new_dev_List_07_April_2025.pdf
109,Resort Development,Alifu Dhaalu,ADh,Oshagali,Oshagali Investments Private Limited,Under development,6,False,Oshagali,[],0,Ministry of Tourism under development PDF,new_dev_List_07_April_2025.pdf
110,Resort Development,Alifu Dhaalu,ADh,Bodukaashihuraa,H.M.H.I Company Pvt Ltd,Under development,6,False,Bodukaashihuraa,[],0,Ministry of Tourism under development PDF,new_dev_List_07_April_2025.pdf
111,Resort Development,Alifu Dhaalu,ADh,"Plot of Lagoon 3°53′28.62″N, 72°57′5.74“E
(Genburugaa Falhu)",KSR Marine Services (Maldives) Pvt Ltd,Under development,6,False,Genburugaa Falhu,"[{""lat"": 3.8912833333333334, ""lon"": 72.95159444444445, ""raw"": ""3\u00b053'28.62\""N 72\u00b057'5.74\""E""}]",1,Ministry of Tourism under development PDF,new_dev_List_07_April_2025.pdf
112,Resort Development,Vaavu,V,"Foththeyobodufushi
3°23'40.272""N, 73°39'52.677""E",Amrock Investment (Maldives) pvt ltd,Under development,6,False,Foththeyobodufushi,"[{""lat"": 3.39452, ""lon"": 73.66463250000001, ""raw"": ""3\u00b023'40.272\""N 73\u00b039'52.677\""E""}]",1,Ministry of Tourism under development PDF,new_dev_List_07_April_2025.pdf
113,Resort Development,Vaavu,V,Ambara,Handhuvaru Ocean Pvt Ltd,Under development,6,False,Ambara,[],0,Ministry of Tourism under development PDF,new_dev_List_07_April_2025.pdf
114,Resort Development,Vaavu,V,Bodumohoraa,Bodumohoraa Investment Private Limited,Under development,6,False,Bodumohoraa,[],0,Ministry of Tourism under development PDF,new_dev_List_07_April_2025.pdf
115,Resort Development,Vaavu,V,Lagoon in Vaavu Atoll,Global Ace Maldives Private Limited,Under development,6,False,in Vaavu Atoll,[],0,Ministry of Tourism under development PDF,new_dev_List_07_April_2025.pdf
116,Resort Development,Vaavu,V,Kudadhiggaru Falhu,Millennium Capital Management Pvt Ltd,Under development,6,False,Kudadhiggaru Falhu,[],0,Ministry of Tourism under development PDF,new_dev_List_07_April_2025.pdf
117,Resort Development,Vaavu,V,"3°32’43.397”N, 73°30’15.829"" E",Veriri Private Limited,Under development,6,False,,"[{""lat"": 3.5453880555555553, ""lon"": 73.50439694444445, ""raw"": ""3\u00b032'43.397\""N 73\u00b030'15.829\"" E""}]",1,Ministry of Tourism under development PDF,new_dev_List_07_April_2025.pdf
118,Resort Development,Vaavu,V,"3°37'24.561""N, 73°30'5.784""E",Kaani Hotels and Resorts Private Limited,Under development,6,False,,"[{""lat"": 3.623489166666667, ""lon"": 73.50160666666666, ""raw"": ""3\u00b037'24.561\""N 73\u00b030'5.784\""E""}]",1,Ministry of Tourism under development PDF,new_dev_List_07_April_2025.pdf
119,Resort Development,Vaavu,V,"Plot of Lagoon
3°24'18.00""N, 73°45'16.00""E and
3°22'40.00""N, 73°43'58.00""E",Constellation Lagoon PVT LTD,Under development,6,False,,"[{""lat"": 3.405, ""lon"": 73.75444444444445, ""raw"": ""3\u00b024'18.00\""N 73\u00b045'16.00\""E""}, {""lat"": 3.3777777777777778, ""lon"": 73.73277777777778, ""raw"": ""3\u00b022'40.00\""N 73\u00b043'58.00\""E""}]",2,Ministry of Tourism under development PDF,new_dev_List_07_April_2025.pdf
120,Resort Development,Meemu,M,"Seedheehuraa and Seedheehuraa
Veligan'du",Marketech Maldives Private Limited,Under development,6,False,Seedheehuraa|Seedheehuraa Veligan'du,[],0,Ministry of Tourism under development PDF,new_dev_List_07_April_2025.pdf
121,Resort Development,Meemu,M,"Dhekunu Boduveli, Gasveli, Kudausfushi",Mr. Mohamed Manik (A023542),Under development,6,False,Dhekunu Boduveli|Gasveli|Kudausfushi,[],0,Ministry of Tourism under development PDF,new_dev_List_07_April_2025.pdf
122,Resort Development,Meemu,M,"Uthuruboduveli, Hurasveli and Uthurugasveli",Island Channels Pvt Ltd,Under development,6,False,Uthuruboduveli|Hurasveli|Uthurugasveli,[],0,Ministry of Tourism under development PDF,new_dev_List_07_April_2025.pdf
123,Resort Development,Meemu,M,Thuvaru,Coral Reserve Pvt Ltd,Under development,6,False,Thuvaru,[],0,Ministry of Tourism under development PDF,new_dev_List_07_April_2025.pdf
124,Resort Development,Faafu,F,En'bulufushi,Naid Trading Private Limited,Under development,6,False,En'bulufushi,[],0,Ministry of Tourism under development PDF,new_dev_List_07_April_2025.pdf
125,Resort Development,Faafu,F,Jinnathugau,Akiri Holdings Pvt Ltd,Under development,6,False,Jinnathugau,[],0,Ministry of Tourism under development PDF,new_dev_List_07_April_2025.pdf
126,Resort Development,Faafu,F,Himithi,"Maldives Overseas Investment Pvt Ltd,",Under development,6,False,Himithi,[],0,Ministry of Tourism under development PDF,new_dev_List_07_April_2025.pdf
127,Resort Development,Faafu,F,Maafushi,Rania Investment Pvt Ltd,Under development,6,False,Maafushi,[],0,Ministry of Tourism under development PDF,new_dev_List_07_April_2025.pdf
128,Resort Development,Faafu,F,Adhangau,D'Ares Island Private Limited,Under development,6,False,Adhangau,[],0,Ministry of Tourism under development PDF,new_dev_List_07_April_2025.pdf
129,Resort Development,Dhaalu,Dh,Hiriyaafushi,Hiriyafushi Holdings Pvt Ltd,Under development,7,False,Hiriyaafushi,[],0,Ministry of Tourism under development PDF,new_dev_List_07_April_2025.pdf
130,Resort Development,Dhaalu,Dh,Hulhuvahi,OGN Private Limited,Under development,7,False,Hulhuvahi,[],0,Ministry of Tourism under development PDF,new_dev_List_07_April_2025.pdf
131,Resort Development,Dhaalu,Dh,Kiraidhoo and Dhebaidhoo,Dhaalu Airport Holding Private Limited,Under development,7,False,Kiraidhoo|Dhebaidhoo,[],0,Ministry of Tourism under development PDF,new_dev_List_07_April_2025.pdf
132,Integrated Tourist Resort,Dhaalu,Dh,"72°52’35.301”E, 2°58’33.237"" N,
72°52’57.999”E, 2°58’51.603"" N,
72°53’4.765”E, 2°58’43.151"" N,
72°52’42.067”E, 2°58’24.785"" N,
(Plot 1)",Yash Exotic Island Private Limited,Under development,7,False,,"[{""lat"": 2.9758991666666668, ""lon"": 72.87647249999999, ""raw"": ""72\u00b052'35.301\""E 2\u00b058'33.237\"" N""}, {""lat"": 2.9810008333333333, ""lon"": 72.88277749999999, ""raw"": ""72\u00b052'57.999\""E 2\u00b058'51.603\"" N""}, {""lat"": 2.9786530555555557, ""lon"": 72.88465694444444, ""raw"": ""72\u00b053'4.765\""E 2\u00b058'43.151\"" N""}, {""lat"": 2.973551388888889, ""lon"": 72.87835194444443, ""raw"": ""72\u00b052'42.067\""E 2\u00b058'24.785\"" N""}]",4,Ministry of Tourism under development PDF,new_dev_List_07_April_2025.pdf
132,Integrated Tourist Resort,Dhaalu,Dh,"72°53’24.316”E, 2°59’10.779"" N,
72°53’49.341”E, 2°59’25.783"" N ,
72°53’54.863”E, 2°59’16.465"" N,
72°53’29.844”E, 2°59’1.461"" N
(Plot 2)",Yash Exotic Island Private Limited,Under development,7,True,,"[{""lat"": 2.9863275000000002, ""lon"": 72.89008777777778, ""raw"": ""72\u00b053'24.316\""E 2\u00b059'10.779\"" N""}, {""lat"": 2.990495277777778, ""lon"": 72.89703916666667, ""raw"": ""72\u00b053'49.341\""E 2\u00b059'25.783\"" N""}, {""lat"": 2.9879069444444446, ""lon"": 72.89857305555556, ""raw"": ""72\u00b053'54.863\""E 2\u00b059'16.465\"" N""}, {""lat"": 2.9837391666666666, ""lon"": 72.89162333333334, ""raw"": ""72\u00b053'29.844\""E 2\u00b059'1.461\"" N""}]",4,Ministry of Tourism under development PDF,new_dev_List_07_April_2025.pdf
132,Integrated Tourist Resort,Dhaalu,Dh,"72°54’22.040”E, 2°59’36.416"" N,
72°55’9.437”E, 2°59’47.530"" N,
72°55’11.767”E, 2°59’37.136"" N,
72°54’24.572”E, 2°59’25.717"" N
(Plot 3)",Yash Exotic Island Private Limited,Under development,7,True,,"[{""lat"": 2.993448888888889, ""lon"": 72.90612222222222, ""raw"": ""72\u00b054'22.040\""E 2\u00b059'36.416\"" N""}, {""lat"": 2.9965361111111113, ""lon"": 72.91928805555555, ""raw"": ""72\u00b055'9.437\""E 2\u00b059'47.530\"" N""}, {""lat"": 2.993648888888889, ""lon"": 72.91993527777778, ""raw"": ""72\u00b055'11.767\""E 2\u00b059'37.136\"" N""}, {""lat"": 2.9904769444444446, ""lon"": 72.90682555555556, ""raw"": ""72\u00b054'24.572\""E 2\u00b059'25.717\"" N""}]",4,Ministry of Tourism under development PDF,new_dev_List_07_April_2025.pdf
132,Integrated Tourist Resort,Dhaalu,Dh,"72°53’39.121”E, 2°58’45.767"" N ,
72°54’3.913”E, 2°59’0.282"" N,
72°54’5.696”E, 2°58’57.229"" N,
72°53’41.003”E, 2°58’42.628"" N
(Plot 4)",Yash Exotic Island Private Limited,Under development,7,True,,"[{""lat"": 2.9793797222222222, ""lon"": 72.89420027777778, ""raw"": ""72\u00b053'39.121\""E 2\u00b058'45.767\"" N""}, {""lat"": 2.9834116666666666, ""lon"": 72.90108694444444, ""raw"": ""72\u00b054'3.913\""E 2\u00b059'0.282\"" N""}, {""lat"": 2.9825636111111113, ""lon"": 72.90158222222223, ""raw"": ""72\u00b054'5.696\""E 2\u00b058'57.229\"" N""}, {""lat"": 2.9785077777777778, ""lon"": 72.89472305555556, ""raw"": ""72\u00b053'41.003\""E 2\u00b058'42.628\"" N""}]",4,Ministry of Tourism under development PDF,new_dev_List_07_April_2025.pdf
133,Resort Development,Dhaalu,Dh,Maahdeli,SAS Capital Private Limited,Under development,7,False,Maahdeli,[],0,Ministry of Tourism under development PDF,new_dev_List_07_April_2025.pdf
134,Resort Development,Thaa,Th,Ekuruffushifinolhu,Sea Wall Enterpries Pvt Ltd,Under development,7,False,Ekuruffushifinolhu,[],0,Ministry of Tourism under development PDF,new_dev_List_07_April_2025.pdf
135,Resort Development,Thaa,Th,Kalhudhiyafushi,"Huravee International Pvt Ltd,",Under development,7,False,Kalhudhiyafushi,[],0,Ministry of Tourism under development PDF,new_dev_List_07_April_2025.pdf
136,Resort Development,Thaa,Th,Olhugiri,"Popular Maldives Private Limiited,",Under development,7,False,Olhugiri,[],0,Ministry of Tourism under development PDF,new_dev_List_07_April_2025.pdf
137,Resort Development,Thaa,Th,Dhiffushi,Angiri Resorts Management & Operation Pvt Ltd,Under development,7,False,Dhiffushi,[],0,Ministry of Tourism under development PDF,new_dev_List_07_April_2025.pdf
138,Resort Development,Thaa,Th,Olhufushi and Olhufushifinolhu,Subsolar Investments Private Limited,Under development,7,False,Olhufushi|Olhufushifinolhu,[],0,Ministry of Tourism under development PDF,new_dev_List_07_April_2025.pdf
139,Resort Development,Thaa,Th,Maagulhi,Accord Insurance Brokers Maldives Pvt Ltd,Under development,7,False,Maagulhi,[],0,Ministry of Tourism under development PDF,new_dev_List_07_April_2025.pdf
140,Resort Development,Thaa,Th,Kurandhuvaru,Accord Insurance Brokers Maldives Pvt Ltd,Under development,7,False,Kurandhuvaru,[],0,Ministry of Tourism under development PDF,new_dev_List_07_April_2025.pdf
141,Resort Development,Thaa,Th,Fenmeerufushi and Olhudhiyafushi,M.G.H Investment Pvt Ltd,Under development,7,False,Fenmeerufushi|Olhudhiyafushi,[],0,Ministry of Tourism under development PDF,new_dev_List_07_April_2025.pdf
142,Resort Development,Laamu,L,Baresdhoo,"Maldives Marketing and Public Relations Corporation
Limited",Under development,7,False,Baresdhoo,[],0,Ministry of Tourism under development PDF,new_dev_List_07_April_2025.pdf
143,Resort Development,Laamu,L,Gan Medical Resort,Island Development Company Pvt. Ltd,Under development,7,False,Gan Medical Resort,[],0,Ministry of Tourism under development PDF,new_dev_List_07_April_2025.pdf
144,Resort Development,Laamu,L,Guraidhoo,"AUR OVERSEAS HOLDINGS LIMITED
(MAURITIUS)",Under development,8,False,Guraidhoo,[],0,Ministry of Tourism under development PDF,new_dev_List_07_April_2025.pdf
145,Resort Development,Laamu,L,Hanhushi,FAM Holdings Pvt Ltd,Under development,8,False,Hanhushi,[],0,Ministry of Tourism under development PDF,new_dev_List_07_April_2025.pdf
146,Resort Development,Laamu,L,Boduhura,Heavy Load Maldives Private Limited,Under development,8,False,Boduhura,[],0,Ministry of Tourism under development PDF,new_dev_List_07_April_2025.pdf
147,Resort Development,Laamu,L,Bodumugnafushi,Emirates Hospitality Private Limited,Under development,8,False,Bodumugnafushi,[],0,Ministry of Tourism under development PDF,new_dev_List_07_April_2025.pdf
148,Resort Development,Laamu,L,Gasgan'dufinolhu,Bison Maldives Pvt Ltd,Under development,8,False,Gasgan'dufinolhu,[],0,Ministry of Tourism under development PDF,new_dev_List_07_April_2025.pdf
149,Resort Development,Gaafu Alifu,GA,Dhevvamaagala,Nalaveli Maldives Pvt Ltd,Under development,8,False,Dhevvamaagala,[],0,Ministry of Tourism under development PDF,new_dev_List_07_April_2025.pdf
150,Resort Development,Gaafu Alifu,GA,Keredhdhoo,Keredhoo Investment Private Limited,Under development,8,False,Keredhdhoo,[],0,Ministry of Tourism under development PDF,new_dev_List_07_April_2025.pdf
150,Integrated Tourist Resort,Gaafu Alifu,GA,Hirihuttaa (swap of R. Ehthigili),"Amin Constructions Pvt Ltd
52 Bodhuthakurufaanu Magu,",Under development,8,True,R. Ehthigili|Hirihuttaa ( R. Ehthigili),[],0,Ministry of Tourism under development PDF,new_dev_List_07_April_2025.pdf
150,Resort Development,Gaafu Alifu,GA,Hinaamaagalaa (swap of R. Ehthigili),Keredhoo Investment Private Limited,Under development,8,True,R. Ehthigili|Hinaamaagalaa ( R. Ehthigili),[],0,Ministry of Tourism under development PDF,new_dev_List_07_April_2025.pdf
151,Resort Development,Gaafu Alifu,GA,Bakeththa (swap of R. Ehthigili),,Under development,8,False,R. Ehthigili|Bakeththa ( R. Ehthigili),[],0,Ministry of Tourism under development PDF,new_dev_List_07_April_2025.pdf
152,Resort Development,Gaafu Alifu,GA,Mahadhdhoo,Travista Resorts Pvt Ltd,Under development,8,False,Mahadhdhoo,[],0,Ministry of Tourism under development PDF,new_dev_List_07_April_2025.pdf
153,Resort Development,Gaafu Alifu,GA,Maarandhoo,Maarandhoo Investments Pvt Ltd,Under development,8,False,Maarandhoo,[],0,Ministry of Tourism under development PDF,new_dev_List_07_April_2025.pdf
154,Resort Development,Gaafu Alifu,GA,Vodamulaa,United International Hotel Group Co. W.L.L,Under development,8,False,Vodamulaa,[],0,Ministry of Tourism under development PDF,new_dev_List_07_April_2025.pdf
155,Resort Development,Gaafu Alifu,GA,Kondeymatheelaabadhoo,Laabadhoo Private Limited,Under development,8,False,Kondeymatheelaabadhoo,[],0,Ministry of Tourism under development PDF,new_dev_List_07_April_2025.pdf
156,Resort Development,Gaafu Alifu,GA,Faruhulhedhoo,Millennium Capital Management Pvt Ltd,Under development,8,False,Faruhulhedhoo,[],0,Ministry of Tourism under development PDF,new_dev_List_07_April_2025.pdf
157,Resort Development,Gaafu Alifu,GA,Beyrumauddoo,Mauddua Holdings Private Limited,Under development,8,False,Beyrumauddoo,[],0,Ministry of Tourism under development PDF,new_dev_List_07_April_2025.pdf
158,Resort Development,Gaafu Dhaalu,GDh,Lonudhuahuttaa,One and Half Degree Maldives Pvt. Ltd,Under development,8,False,Lonudhuahuttaa,[],0,Ministry of Tourism under development PDF,new_dev_List_07_April_2025.pdf
159,Resort Development,Gaafu Dhaalu,GDh,Kaishidhoo,Kaishidhoo Resort Pvt Ltd,Under development,8,False,Kaishidhoo,[],0,Ministry of Tourism under development PDF,new_dev_List_07_April_2025.pdf
160,Resort Development,Gaafu Dhaalu,GDh,Vatavarrehaa,Yacht Tours Maldives Pvt Ltd .,Under development,8,False,Vatavarrehaa,[],0,Ministry of Tourism under development PDF,new_dev_List_07_April_2025.pdf
161,Resort Development,Gaafu Dhaalu,GDh,Gazeera,Gazeera Private Limited,Under development,8,False,Gazeera,[],0,Ministry of Tourism under development PDF,new_dev_List_07_April_2025.pdf
162,Resort Development,Gaafu Dhaalu,GDh,Kan'dahalagalaa,Pioneer Maldives Private Limited,Under development,8,False,Kan'dahalagalaa,[],0,Ministry of Tourism under development PDF,new_dev_List_07_April_2025.pdf
163,Resort Development,Gaafu Dhaalu,GDh,Kodegalaa,ITACA home maldives private limited,Under development,8,False,Kodegalaa,[],0,Ministry of Tourism under development PDF,new_dev_List_07_April_2025.pdf
164,Resort Development,Gaafu Dhaalu,GDh,Raaverinkolhuhuttaa,Real Asset Investment Company LLC,Under development,8,False,Raaverinkolhuhuttaa,[],0,Ministry of Tourism under development PDF,new_dev_List_07_April_2025.pdf
165,Resort Development,Seenu,S,Dhoogas,Maldives Ports Limited,Under development,9,False,Dhoogas,[],0,Ministry of Tourism under development PDF,new_dev_List_07_April_2025.pdf
